,z1,z2,Intercept LDA,Intercept Bayes
mid risk,200.82009285272204,-58.9749986429888,-99.57039626207177,-100.77436906639771
high risk,220.2524285103922,-33.80064726601625,-118.60953055803644,-119.83597621821444
low risk,190.69006984834186,-31.29404683588644,-88.95368222650706,-89.85344365643
