,Putere_disc,Putere_disc(%),Putere_disc_cumulata(%),alpha,p_value
z1,199.5281023275071,95.44369684886225,95.44369684886225,0.7307969422435714,1.1102230246251565e-16
z2,9.525097532789,4.556303151137764,100.0,0.11472552054548643,0.00012889288078454797
