,Putere Discriminare,p_values
Age,11.00101140923943,0.0
SystolicBP,61.68772611959804,0.0
DiastolicBP,44.98797082050969,0.0
BS,74.42911991335214,0.0
BodyTemp,15.845285018423995,0.0
HeartRate,25.870823955612483,0.0
